{
  "model": "XGBoost",
  "accuracy": 0.9111836142831249,
  "macro_f1": 0.6785355409881736,
  "labels": [
    "Wake",
    "N1",
    "N2",
    "N3",
    "REM"
  ],
  "confusion_matrix": [
    [
      3706,
      13,
      5,
      0,
      0
    ],
    [
      40,
      14,
      29,
      2,
      2
    ],
    [
      25,
      13,
      711,
      35,
      39
    ],
    [
      12,
      0,
      59,
      449,
      0
    ],
    [
      7,
      13,
      196,
      0,
      147
    ]
  ]
}